Voltage,Current,PowerFactor,Temperature,Frequency,FaultType
202,4.051396404820071,0.9624938428701655,48,52,Normal
279,3.9068772066366657,0.917255584332277,58,54,Voltage Fluctuation
192,2.365496678480949,0.8655738902501517,43,53,Normal
114,6.720669451099992,0.8529413853961272,45,49,Voltage Fluctuation
206,7.648411332626164,0.9127433667877385,36,54,Normal
171,2.6570863942835237,0.8863579673517263,26,48,Normal
120,9.755276166950106,0.7655682764704714,32,50,Power Factor Issue
202,6.532888347480276,0.8781256621925829,24,52,Normal
221,7.243902693275801,0.9516009043082099,45,47,Normal
174,6.407627469382281,0.8648099693992395,68,54,Thermal Overload
187,6.00763060875326,0.7629891443885671,22,45,Power Factor Issue
216,7.596403313082179,0.9465695498460083,26,48,Normal
199,3.552402459307125,0.8003409455339936,77,48,Power Factor Issue
203,3.8192813049527112,0.8146552087220097,68,45,Power Factor Issue
251,10.617856210135173,0.7911765883580739,58,53,Voltage Fluctuation
230,11.461154621336327,0.8325537662178744,72,47,Overload Fault
249,5.7330931627975295,0.9391878764221587,20,49,Normal
152,4.707446731435538,0.8798464648759843,68,50,Thermal Overload
101,8.439995432390157,0.8012203185376782,36,52,Voltage Fluctuation
187,6.087341710980964,0.9694575195380102,62,50,Normal
257,2.2538635566034486,0.9698954637378823,44,47,Voltage Fluctuation
137,3.5615259736619036,0.9676446062615017,78,50,Thermal Overload
229,9.159722288473976,0.8096990528453848,22,45,Power Factor Issue
120,8.589239419101514,0.862809836045247,34,48,Normal
260,2.270959925034835,0.9962474140352188,48,50,Voltage Fluctuation
157,4.219721619329494,0.9430031190774976,72,51,Thermal Overload
121,4.310747965880714,0.7567918553063899,62,54,Power Factor Issue
188,8.718927435987284,0.766301147815123,51,47,Power Factor Issue
148,2.1971053775436413,0.8659828442030832,45,53,Normal
158,3.0410858198457387,0.97730505146539,79,51,Thermal Overload
269,9.999160853731894,0.8846754494881786,35,45,Voltage Fluctuation
114,3.785446620543336,0.8744531270085726,44,46,Voltage Fluctuation
274,8.527461078518748,0.7763684249891576,73,45,Voltage Fluctuation
150,4.381827810467265,0.9141950261810735,47,53,Normal
207,2.9944139275934516,0.9555257901500563,28,53,Normal
154,4.431721909994541,0.8451050018768906,75,51,Power Factor Issue
163,9.22266931855659,0.9439029627313319,75,54,Thermal Overload
230,10.556964681062858,0.9911191634752029,20,47,Overload Fault
150,10.302198645669916,0.8009416147819223,48,49,Overload Fault
234,5.9718352961845484,0.8808324077986853,76,48,Thermal Overload
120,8.680851365706461,0.8217844895211439,41,51,Power Factor Issue
172,4.04984295415821,0.9482136047584598,35,53,Normal
266,4.931477302610133,0.8943983414702894,60,46,Voltage Fluctuation
117,10.963358185211197,0.9086456043875759,70,52,Voltage Fluctuation
231,2.13001923510736,0.9494785399039736,63,53,Normal
188,2.855085308544681,0.8489926181656138,70,54,Power Factor Issue
159,4.078862551460273,0.9787725171017608,73,54,Thermal Overload
113,2.265322038738197,0.883257216811535,60,53,Voltage Fluctuation
108,3.814354350897973,0.789488705708837,26,54,Voltage Fluctuation
189,7.830415609696922,0.9239747795422006,33,51,Normal
152,6.214245505924979,0.9483153376095637,48,53,Normal
229,10.926717110769749,0.8291904192668816,38,53,Overload Fault
183,10.17443561738441,0.9642948142496882,38,47,Overload Fault
191,5.41817351697876,0.9765358136914416,21,48,Normal
210,4.594234334312925,0.8192261218444522,60,46,Power Factor Issue
271,5.796924081672669,0.9958803681788055,64,54,Voltage Fluctuation
107,7.902949425148077,0.7851778820121896,34,47,Voltage Fluctuation
274,4.680636408228763,0.8005039171006225,22,49,Voltage Fluctuation
134,8.241489078491341,0.7960562098095065,30,49,Power Factor Issue
180,6.0941165219124045,0.9734974275019677,72,50,Thermal Overload
263,7.520471808519803,0.9135731380812404,65,51,Voltage Fluctuation
149,6.361265291353167,0.7880260708055682,49,51,Power Factor Issue
203,4.9446575954191765,0.8600808545920873,76,45,Thermal Overload
231,11.484533069621566,0.9038245062674505,59,46,Overload Fault
101,9.636057941597608,0.7708660212473458,37,53,Voltage Fluctuation
233,3.4011317576645252,0.9706040921018346,70,54,Thermal Overload
153,10.684679758979128,0.9509008838603838,67,46,Overload Fault
205,6.874311982495136,0.8763016933941595,21,50,Normal
103,10.945522268940914,0.9917816538147926,51,45,Voltage Fluctuation
153,9.998552559473152,0.8544402448187749,27,47,Normal
245,6.252135044692334,0.9960275797591245,41,46,Normal
143,2.224693083201174,0.9169799997009067,25,47,Normal
261,4.686773593849461,0.9086678183134853,31,49,Voltage Fluctuation
113,7.416342146608669,0.7914887238239463,66,54,Voltage Fluctuation
194,8.334782198261472,0.970481939576161,76,50,Thermal Overload
147,4.578876854332023,0.8568724219801538,59,53,Normal
114,3.3935607407282413,0.7905583514456198,55,54,Voltage Fluctuation
139,10.34930236799299,0.7531518799939397,34,48,Overload Fault
181,11.84402180703552,0.8899389209095956,47,51,Overload Fault
210,7.256901823026858,0.8818499055306691,71,50,Thermal Overload
152,3.7167928584830348,0.9298384055922897,76,46,Thermal Overload
123,4.7230732651936895,0.9725645132544505,68,54,Thermal Overload
253,2.183906765474667,0.7698516461607574,64,52,Voltage Fluctuation
223,11.14298806560499,0.9328741225850906,37,51,Overload Fault
140,3.1775108289014113,0.7968529860243956,21,51,Power Factor Issue
256,7.765164755142536,0.964544263289291,32,52,Voltage Fluctuation
114,4.74055220687206,0.954765878465414,64,45,Voltage Fluctuation
144,7.541780025157934,0.885198438746386,73,45,Thermal Overload
164,8.514203883518643,0.9275606996558279,34,52,Normal
188,10.297418037072017,0.8285875282959371,39,48,Overload Fault
170,4.064212717606032,0.8677919747332037,48,49,Normal
108,2.1099582865848046,0.9554092244276179,78,52,Voltage Fluctuation
187,3.3688563006880727,0.8648162992933035,61,49,Normal
228,11.00018641848105,0.8394495663313605,48,54,Overload Fault
235,10.738900775625153,0.873553111812575,22,48,Overload Fault
162,7.974131021703083,0.9570623131093046,38,50,Normal
238,8.005168604336534,0.8338020118427182,22,49,Power Factor Issue
180,8.650366745462556,0.793440398283936,73,51,Power Factor Issue
235,3.753712786234496,0.9280035050826951,33,54,Normal
262,11.144119459249598,0.9564945531770205,59,51,Voltage Fluctuation
262,6.187705248920731,0.7751593696308834,78,48,Voltage Fluctuation
132,5.831385282494974,0.8099685281889861,74,49,Power Factor Issue
222,7.189177052828375,0.7854929974402485,23,47,Power Factor Issue
104,2.4696596677505505,0.8369853528955417,78,48,Voltage Fluctuation
140,3.662833687560794,0.8625877447263531,79,48,Thermal Overload
127,9.380336164263705,0.9372065842408266,71,47,Thermal Overload
234,2.8279866792512647,0.9127868962204185,30,54,Normal
171,8.031521094663882,0.9052321418696078,77,49,Thermal Overload
111,4.4534910968132095,0.8380937366524136,50,49,Voltage Fluctuation
261,5.8929561404197655,0.96036188827119,62,51,Voltage Fluctuation
132,4.886937367706999,0.8678217918495411,51,48,Normal
147,5.556727164649491,0.9947762345037886,46,48,Normal
250,9.190459051842454,0.9085355345739342,49,53,Normal
161,4.97121715623175,0.7815661853911257,62,50,Power Factor Issue
136,7.664046402968972,0.9190443905188586,21,48,Normal
198,6.760504021990997,0.8312760038579248,68,46,Power Factor Issue
271,8.636711653626481,0.9215817991715244,28,50,Voltage Fluctuation
203,11.36829739324758,0.7674102870406014,47,46,Overload Fault
134,9.325720972102502,0.7937203592939899,50,49,Power Factor Issue
200,4.149403785907568,0.9639343147264465,79,50,Thermal Overload
274,2.311831350612847,0.8067948892558787,53,48,Voltage Fluctuation
230,4.622640442998251,0.959260281310735,75,47,Thermal Overload
100,7.9507793070025485,0.8198190221136026,34,51,Voltage Fluctuation
104,2.5142581348425033,0.9107204775146769,67,46,Voltage Fluctuation
241,6.963662472012364,0.9235376433774578,44,50,Normal
202,7.968428489168892,0.8781636882862632,55,48,Normal
126,5.342438908169608,0.8263276691741828,27,50,Power Factor Issue
236,9.709122037458219,0.803161094092774,28,48,Power Factor Issue
114,3.065982531337718,0.7582973386406066,77,48,Voltage Fluctuation
189,2.7513778173580876,0.825986600310181,77,48,Power Factor Issue
141,9.281887562036033,0.9132906976328208,56,53,Normal
223,6.954913162061985,0.9845762046121207,67,51,Thermal Overload
278,8.884023964277361,0.9678011205657631,64,47,Voltage Fluctuation
162,6.348273386037462,0.9415161941338257,58,47,Normal
195,4.464020332391068,0.9471118358133247,51,50,Normal
151,10.191023176741997,0.9162462258689988,77,50,Overload Fault
195,9.994158789689791,0.8150717143915007,71,48,Power Factor Issue
231,8.946964708544268,0.9767987576764574,36,53,Normal
250,4.721451372299627,0.9176830779764585,54,48,Normal
242,7.902306668690871,0.89011015774511,56,53,Normal
270,5.609738969400268,0.7777473673033702,38,48,Voltage Fluctuation
128,2.9158207332663415,0.8617638859516064,63,46,Normal
135,11.173135754622429,0.8650895678004815,48,46,Overload Fault
112,3.368186309189614,0.9661409023806675,78,49,Voltage Fluctuation
259,11.502373538208024,0.8866620550469471,26,48,Voltage Fluctuation
170,6.460057729579558,0.8451001372426024,47,51,Power Factor Issue
185,3.8513292883861965,0.9942000821276649,28,49,Normal
127,7.419009473783581,0.777680148331579,47,50,Power Factor Issue
165,10.729458358764083,0.8556371070779861,25,54,Overload Fault
269,9.322248864095613,0.7605061687928514,48,48,Voltage Fluctuation
144,10.065611478614498,0.9349760301917326,77,46,Overload Fault
161,8.587833667107173,0.9795191380497876,36,54,Normal
233,8.922765645178526,0.8200093323876223,35,53,Power Factor Issue
127,10.491956515653193,0.9645854191997802,42,54,Overload Fault
127,4.49668008859186,0.8230545576154744,50,51,Power Factor Issue
207,6.894249636431405,0.9776925404109789,22,48,Normal
143,4.212094418196022,0.938490475899196,40,47,Normal
183,11.87668007996647,0.9512266942103597,45,54,Overload Fault
129,11.440593396866133,0.7545016389001136,55,47,Overload Fault
174,2.394268113685059,0.9907025892685065,61,53,Normal
227,9.055751725156885,0.9316677480175808,56,49,Normal
191,11.252483174156659,0.8261877738465333,72,47,Overload Fault
228,3.8057534512733353,0.9573486662147117,41,49,Normal
220,7.679452305526294,0.8203802996037325,61,46,Power Factor Issue
126,11.154882975880419,0.968188459891532,31,48,Overload Fault
220,2.339459785857988,0.7781450976029842,61,54,Power Factor Issue
215,8.9742026724684,0.925921494365199,32,46,Normal
102,4.973490073725507,0.8851746191612275,30,46,Voltage Fluctuation
202,11.243961953765304,0.7741336175488602,73,52,Overload Fault
254,11.710582451653679,0.8104734570647097,35,45,Voltage Fluctuation
236,11.442664891134338,0.7531010090693286,27,51,Overload Fault
161,6.742142166574638,0.8671919913661265,59,49,Normal
264,10.620426509893134,0.82531631519,78,52,Voltage Fluctuation
150,10.445493985350703,0.8995893710744397,76,45,Overload Fault
271,5.191004732432557,0.8243094519271543,59,51,Voltage Fluctuation
251,10.289154741506774,0.8249797778767461,64,49,Voltage Fluctuation
158,2.370076347154926,0.9357982996829008,78,48,Thermal Overload
217,7.96269878482053,0.7620357089945884,21,51,Power Factor Issue
259,4.30008837287703,0.9757237487979968,49,54,Voltage Fluctuation
195,3.205668857772788,0.9630659685977954,49,46,Normal
279,2.7695320162920916,0.9169511708066016,31,45,Voltage Fluctuation
212,8.962887758781397,0.898305392526846,29,45,Normal
161,5.398749637680662,0.973075624534913,63,45,Normal
151,9.247667715287616,0.7963325448821786,30,49,Power Factor Issue
111,2.6535634079894237,0.7697422905477072,34,54,Voltage Fluctuation
138,5.152903378306103,0.8098775424773845,35,51,Power Factor Issue
229,7.394912923753372,0.9486445696750476,36,46,Normal
230,9.907231648389637,0.7586675666816208,45,54,Power Factor Issue
212,5.1875250293207,0.8957017087708724,21,52,Normal
200,8.25891376437009,0.9988593790478275,69,48,Thermal Overload
212,10.85977748236187,0.9639240234593849,31,47,Overload Fault
180,8.158631881823045,0.8803614222608973,70,54,Thermal Overload
212,4.329594747536338,0.7659102273216606,45,52,Power Factor Issue
101,2.2440078155653804,0.9578433785964274,42,46,Voltage Fluctuation
229,10.700988739009299,0.8997446270443026,37,47,Overload Fault
153,2.2126941085038716,0.7787332492648917,51,47,Power Factor Issue
186,10.747016726841995,0.7734643212058391,68,54,Overload Fault
228,7.28937134027212,0.9774067048591482,57,45,Normal
246,11.390676985128962,0.9173000657345196,76,50,Overload Fault
225,9.987832357736654,0.9573216998291889,66,46,Thermal Overload
229,11.979341105333376,0.9697447250705669,22,45,Overload Fault
152,5.5071181545171015,0.8929430880120806,57,46,Normal
271,9.67188288931127,0.8793615879387603,22,50,Voltage Fluctuation
259,6.019309136092422,0.8576068525802476,49,48,Voltage Fluctuation
259,6.798756203039089,0.8292366469477799,20,50,Voltage Fluctuation
167,8.2750546321837,0.8586489902146779,49,53,Normal
222,10.736771141863388,0.9434699139325391,64,54,Overload Fault
244,11.840834691992951,0.9004808577537828,51,54,Overload Fault
137,9.682734138645182,0.9731308224887115,47,52,Normal
123,6.177667821673338,0.860845003594797,40,45,Normal
168,6.213570022770702,0.9017723946796885,77,52,Thermal Overload
215,9.375823015888916,0.9078268882729972,65,53,Normal
197,4.387771457683023,0.8979242905765814,32,50,Normal
238,3.1047411313139466,0.925658443271379,46,54,Normal
243,5.546221576407765,0.8093583670937016,55,49,Power Factor Issue
196,4.8723899165408175,0.8780909443864476,26,50,Normal
223,4.9630812045599,0.7760562007020869,41,50,Power Factor Issue
169,4.336077510499099,0.8461278319112031,29,53,Power Factor Issue
192,2.420931896363619,0.8719167671553161,58,48,Normal
102,2.178739347334138,0.9130560648863681,72,46,Voltage Fluctuation
247,11.877223897360315,0.9876327631465509,34,53,Overload Fault
263,6.277731337358624,0.9001627666370889,34,46,Voltage Fluctuation
246,5.843266471596817,0.9358984790441399,23,54,Normal
189,8.7964728269307,0.8765665148738007,51,53,Normal
246,4.182538878650641,0.9085260078440829,42,46,Normal
247,11.499611839502254,0.7677330540334434,74,52,Overload Fault
195,9.863450144155522,0.8135978952104618,25,53,Power Factor Issue
151,2.894110023122595,0.8404632733012847,43,54,Power Factor Issue
260,6.175807757849284,0.8681233387516284,39,53,Voltage Fluctuation
267,10.791183075621646,0.7614121863755959,77,54,Voltage Fluctuation
227,11.447320222914103,0.7850060243883294,56,53,Overload Fault
138,6.674015112498697,0.8192035769478264,39,46,Power Factor Issue
181,8.134113892107077,0.9928831727252627,31,48,Normal
203,3.6703394609207525,0.8328367517757627,52,51,Power Factor Issue
228,11.911686261369766,0.8705102645280206,47,46,Overload Fault
110,4.316717013834434,0.7990244281845982,27,45,Voltage Fluctuation
277,11.427317741351256,0.9026950177689421,20,47,Voltage Fluctuation
250,8.496466489923684,0.8201708038789935,56,48,Power Factor Issue
258,8.077367948788591,0.8017481446096066,41,52,Voltage Fluctuation
141,7.126885110165086,0.8791431571114947,25,50,Normal
198,4.306698117177587,0.7513764497901052,40,46,Power Factor Issue
106,3.7652803200550826,0.7519160081623063,51,53,Voltage Fluctuation
243,4.204862090701754,0.8047672022754644,54,46,Power Factor Issue
189,3.8643826214425454,0.7591803406252053,34,49,Power Factor Issue
211,9.795844735667533,0.7770064385326728,24,48,Power Factor Issue
159,5.501252591667301,0.8347151623346879,79,51,Power Factor Issue
212,2.5784267656339637,0.9506464198949532,75,52,Thermal Overload
101,11.691026301408113,0.8930121608423252,65,49,Voltage Fluctuation
228,10.837858849634257,0.8781669314891041,69,54,Overload Fault
147,11.27752283195213,0.8233722058020304,67,49,Overload Fault
239,11.949078226464353,0.9829384298582041,25,46,Overload Fault
136,3.7389524921948727,0.8492537603092979,44,52,Power Factor Issue
259,5.962420189026588,0.7717731916989429,75,46,Voltage Fluctuation
108,9.582384757040913,0.9042666290294503,65,54,Voltage Fluctuation
198,8.960206180537922,0.7784595983691504,78,50,Power Factor Issue
246,3.5389590633985506,0.836305785700423,75,52,Power Factor Issue
147,10.158331249906178,0.8768529846794522,59,50,Overload Fault
230,4.244405718366607,0.968555631171294,48,48,Normal
247,4.238176148226231,0.8733866450850296,26,48,Normal
251,7.3697442289341355,0.9255646915079161,59,50,Voltage Fluctuation
153,7.929399348417031,0.9982042097497676,32,48,Normal
219,7.8008620783781115,0.7828722799744954,57,52,Power Factor Issue
260,2.9148683739775487,0.8186828813798799,37,53,Voltage Fluctuation
251,10.774608626303804,0.8486440188994115,21,45,Voltage Fluctuation
215,4.65600042588706,0.8554570446347078,27,48,Normal
174,3.2951492128280417,0.8527552688163864,30,48,Normal
212,10.887480798689772,0.9769027506391388,52,46,Overload Fault
263,11.556514982297534,0.9285081611167141,73,50,Voltage Fluctuation
265,10.621276172654506,0.901976303522676,57,47,Voltage Fluctuation
203,10.09516074724878,0.8273431794656956,67,51,Overload Fault
183,8.552419806390217,0.9559475960553236,46,49,Normal
211,7.5085737060913935,0.9887651278712473,39,48,Normal
198,2.8698675991141016,0.9552995706375567,31,49,Normal
252,6.084532130706987,0.7503912762978682,62,52,Voltage Fluctuation
192,5.72688517012314,0.9091003425458517,50,47,Normal
245,4.597537837603262,0.7627838453605251,46,51,Power Factor Issue
227,9.234201136885849,0.8144018050834305,51,50,Power Factor Issue
209,6.9587573507877085,0.7648811750869429,29,45,Power Factor Issue
181,2.8104621590764793,0.9009488632373469,22,51,Normal
153,4.201832019498113,0.9216474783731516,64,51,Normal
262,8.83258763659596,0.7786219095164763,46,45,Voltage Fluctuation
268,2.761308594903002,0.8459597207612448,54,53,Voltage Fluctuation
260,10.512069140487688,0.8640591272388856,50,50,Voltage Fluctuation
167,6.951465270139743,0.8422632554402292,34,46,Power Factor Issue
132,6.80586577326648,0.7802562501212983,35,49,Power Factor Issue
241,7.924077846595176,0.8547369475468689,32,48,Normal
120,10.246809659251491,0.9377945119521045,68,51,Overload Fault
147,5.4780920790219305,0.7677519161333138,54,52,Power Factor Issue
247,8.780161525590636,0.7700450035204759,71,45,Power Factor Issue
227,7.657319639957911,0.838692822958996,30,49,Power Factor Issue
235,4.670282701694213,0.9854314279047313,78,47,Thermal Overload
234,10.78629986355158,0.9171431616807285,40,45,Overload Fault
244,9.97426021606928,0.9196674891681412,70,47,Thermal Overload
227,8.584518346584254,0.8404799977094662,73,50,Power Factor Issue
132,10.505817290942419,0.8984151978021346,30,51,Overload Fault
275,10.672942009598025,0.7525327960069359,49,52,Voltage Fluctuation
214,9.083629767150349,0.9090240116023856,79,48,Thermal Overload
218,10.37013328363672,0.9783217368940592,67,47,Overload Fault
121,8.974714616692836,0.9031433670862048,72,49,Thermal Overload
257,8.801407717603004,0.9684246483665863,54,53,Voltage Fluctuation
137,8.186113782151843,0.9309932638665235,41,50,Normal
208,9.527166395576412,0.7801396041009225,57,53,Power Factor Issue
150,3.586051052930737,0.9756133268214604,50,50,Normal
107,10.808707591989284,0.7666109610889438,33,46,Voltage Fluctuation
126,10.71843527745232,0.8834918681369409,43,49,Overload Fault
126,2.2924728303455915,0.7855342809483644,69,53,Power Factor Issue
120,10.258167505647627,0.7529266526827261,68,52,Overload Fault
129,3.288698674734452,0.8555085650319098,51,51,Normal
196,5.351188542591419,0.8237601769135391,55,45,Power Factor Issue
127,9.435082562916078,0.8715001234494008,51,48,Normal
210,3.607598960483082,0.8942999716836377,74,51,Thermal Overload
160,10.179670241190621,0.7609347680772368,34,51,Overload Fault
147,10.32134177957742,0.7807508237809364,62,50,Overload Fault
246,7.074677337608362,0.8896605991126063,77,52,Thermal Overload
103,2.063858717168336,0.8357918382931646,54,50,Voltage Fluctuation
134,4.870381331749128,0.932293371887362,22,54,Normal
148,8.169269183757422,0.9130729121479849,35,47,Normal
116,11.811861780274235,0.9614010907474767,24,48,Voltage Fluctuation
271,8.318135270166684,0.9231232066673063,40,47,Voltage Fluctuation
257,4.598035810641598,0.8574827693475371,29,45,Voltage Fluctuation
145,8.340057030996114,0.9182416555986082,38,54,Normal
216,7.3998537971585545,0.8188452935638546,44,49,Power Factor Issue
105,9.798453951511437,0.8265783746945532,23,45,Voltage Fluctuation
198,3.0698063882695843,0.9472462899801983,48,45,Normal
223,9.61027902502028,0.8616048791003955,38,46,Normal
136,7.412665786761103,0.9495950851295881,62,48,Normal
123,11.629920038589946,0.9556055934170696,21,50,Overload Fault
192,5.418721660386861,0.9643905844153209,29,52,Normal
145,8.326218931339481,0.9791588089603018,62,47,Normal
194,11.320281055100175,0.8577463051283241,44,45,Overload Fault
198,3.0250972799067926,0.8297167045802847,39,47,Power Factor Issue
215,11.372284872364512,0.8955496866485284,67,47,Overload Fault
259,8.878857223008133,0.8427931058594069,38,49,Voltage Fluctuation
260,2.678370591051719,0.9002685417000582,42,48,Voltage Fluctuation
166,5.009635669468162,0.9263964656609561,43,48,Normal
227,9.081720886452816,0.9221012546230343,30,53,Normal
117,2.673506014687717,0.8436382217550303,65,51,Voltage Fluctuation
124,7.8217046017627325,0.7917150504246881,53,48,Power Factor Issue
153,5.458830569529567,0.8576323346155519,74,47,Thermal Overload
157,8.20915517767477,0.7856485360204772,47,50,Power Factor Issue
166,2.4574203381251287,0.9725242587959521,24,47,Normal
203,10.715368061523762,0.8364693651844644,78,50,Overload Fault
273,11.734889691773969,0.788614936805831,24,53,Voltage Fluctuation
123,11.688778552856915,0.7563619399764377,70,50,Overload Fault
213,9.496518317429247,0.9114555965716211,40,48,Normal
131,3.3008624013063197,0.9092255793636859,31,49,Normal
274,9.582631959290225,0.835151041645323,69,50,Voltage Fluctuation
185,2.245869164588015,0.7679279722119128,23,47,Power Factor Issue
250,2.2212355152899725,0.8524072237238081,73,52,Thermal Overload
226,5.236102191495412,0.8278043737658484,68,48,Power Factor Issue
254,6.886431904046658,0.9192801599337523,61,52,Voltage Fluctuation
229,9.704074178077931,0.9014448123631726,39,54,Normal
116,8.832953766065053,0.8411484320493849,57,54,Voltage Fluctuation
203,6.459027063767484,0.8044731385637476,44,47,Power Factor Issue
260,4.736266662816659,0.997008991538898,33,54,Voltage Fluctuation
236,11.971245001577111,0.8635004052990287,30,51,Overload Fault
142,6.261813022359729,0.9220685589450592,51,53,Normal
275,6.513870243296755,0.7851382418945902,30,48,Voltage Fluctuation
138,3.636238211916692,0.8713974249148495,37,52,Normal
269,9.948095487499295,0.7568841799673663,46,47,Voltage Fluctuation
125,8.936822257814885,0.8763637794776125,74,51,Thermal Overload
198,4.207696127887604,0.9910043517794256,73,47,Thermal Overload
149,2.823810456158427,0.84605167824645,37,51,Power Factor Issue
252,8.80499302074713,0.759749003143728,75,54,Voltage Fluctuation
251,8.545112142811352,0.7577389477298359,42,54,Voltage Fluctuation
112,4.7325952699820935,0.8469966899867174,30,50,Voltage Fluctuation
159,11.508635622504103,0.7900062341157985,40,46,Overload Fault
234,3.5105789178090023,0.7558380240820465,63,47,Power Factor Issue
156,6.323348010426019,0.9390534034875442,24,50,Normal
135,11.436159201675988,0.8646307522204727,42,48,Overload Fault
272,6.197273169261223,0.8223111929931637,60,50,Voltage Fluctuation
119,8.385259476640854,0.9750207957541202,78,45,Voltage Fluctuation
164,5.975943979627942,0.7790347400501314,44,54,Power Factor Issue
107,4.7421520234867005,0.9889797072388298,60,45,Voltage Fluctuation
243,11.839776479598282,0.8284916793443382,73,47,Overload Fault
241,6.09334006315043,0.9721009180771703,29,52,Normal
214,10.940992036791345,0.9007357191198654,41,52,Overload Fault
242,4.299546058910861,0.9566768399353719,38,48,Normal
191,4.131047040250833,0.9960032908026161,20,50,Normal
197,2.311340828845114,0.8221013594546864,26,52,Power Factor Issue
165,8.516668253758851,0.9902838713518982,23,51,Normal
131,5.685263437237611,0.8473704737256051,20,51,Power Factor Issue
185,10.64358249839637,0.8463779761842306,34,48,Overload Fault
150,6.732099066915572,0.8350967760636264,59,53,Power Factor Issue
252,11.681934279147217,0.8853519018368963,31,54,Voltage Fluctuation
162,3.8552551570312117,0.7885362607946218,41,50,Power Factor Issue
224,10.686231679556109,0.8884278713395029,41,47,Overload Fault
249,9.765968527917417,0.885426203102501,69,49,Thermal Overload
157,9.70921844644052,0.9404754531512175,66,49,Thermal Overload
157,10.447832281168877,0.9584124904843964,36,49,Overload Fault
185,9.610239909429989,0.8601103375781061,48,52,Normal
148,8.262203216314154,0.8255833123378734,65,53,Power Factor Issue
279,3.3124487768238757,0.8148337243292736,33,53,Voltage Fluctuation
269,2.325261794912519,0.798655959176218,69,50,Voltage Fluctuation
169,11.208478478156868,0.7644118955497562,39,50,Overload Fault
114,8.16650314520738,0.8356119947086783,69,53,Voltage Fluctuation
153,9.965372909761763,0.8175619230326958,67,48,Power Factor Issue
200,6.815223515125501,0.9916043464666018,52,50,Normal
107,3.173081889623945,0.889427206562511,74,48,Voltage Fluctuation
152,3.251857922025504,0.8368192597576269,78,45,Power Factor Issue
159,8.855652872289713,0.895116900248424,62,51,Normal
207,6.303058948994627,0.7847991753364238,34,54,Power Factor Issue
104,4.005247267003368,0.8610109373005508,31,50,Voltage Fluctuation
202,6.915945467414369,0.9065585803552659,59,53,Normal
105,2.642089370751341,0.8722244579481129,73,51,Voltage Fluctuation
208,7.819714019143988,0.8504447001635811,39,51,Normal
215,4.689934044350977,0.9984620972249245,49,46,Normal
193,9.975591006371882,0.9700786905372317,57,53,Normal
146,5.103619589235738,0.90585148953986,22,54,Normal
198,6.552201490818012,0.8923443402955706,47,53,Normal
154,2.1162053990810064,0.905165119956146,75,50,Thermal Overload
267,2.724468877945589,0.8003280269556083,45,47,Voltage Fluctuation
151,5.924935564066848,0.8487844358160797,49,45,Power Factor Issue
243,6.799388347171235,0.7598648832227248,32,48,Power Factor Issue
112,8.000205481193037,0.8688865093717066,32,47,Voltage Fluctuation
213,4.916625787093032,0.8857561459894158,21,45,Normal
223,8.949818861265426,0.8069374340258024,56,47,Power Factor Issue
205,10.601223971892045,0.9910072117913784,68,48,Overload Fault
257,9.798509888933499,0.9773636527343105,57,52,Voltage Fluctuation
246,2.3961882534835715,0.9305358088639765,21,53,Normal
244,6.805069472578289,0.8833466571913406,55,47,Normal
219,3.0493017841817487,0.9674922899119213,73,50,Thermal Overload
162,4.4204501586252745,0.7826630859558658,45,54,Power Factor Issue
118,11.866625932671464,0.9476274485687213,30,49,Voltage Fluctuation
191,3.4249554290151325,0.7812052034917121,27,50,Power Factor Issue
157,6.988881534513561,0.9485526656373513,63,48,Normal
189,8.18155734318119,0.8189418920628393,59,54,Power Factor Issue
216,9.024649705441039,0.9692726452545473,62,50,Normal
161,7.5964868348691414,0.9860105234563494,41,51,Normal
122,2.097708474191837,0.7871989923512789,39,53,Power Factor Issue
226,5.264613082439919,0.8656689012663483,27,54,Normal
236,7.1771164338471145,0.9952468445406712,48,51,Normal
239,2.8786649914483338,0.8708518589932867,59,50,Normal
228,5.506269312091808,0.9658868806286363,45,45,Normal
157,2.3320310879136654,0.8971828805328299,49,46,Normal
221,2.7857849715502074,0.8438324769799005,36,45,Power Factor Issue
100,5.96923276201596,0.8214458888814675,39,53,Voltage Fluctuation
133,3.3271575404306035,0.8008057727715219,71,54,Power Factor Issue
195,7.675408482615581,0.9404495478444244,74,54,Thermal Overload
225,8.894649691372656,0.846635126705757,35,53,Power Factor Issue
217,10.005866991090828,0.8778188655501877,65,51,Overload Fault
147,4.001502442448101,0.8730813700002955,62,46,Normal
188,3.6748258225906976,0.8943197573082828,26,50,Normal
216,3.0456784033440023,0.9663942864061381,35,48,Normal
228,8.364302495436366,0.9951848358958574,64,45,Normal
115,9.064757264869012,0.8518960521434542,78,45,Voltage Fluctuation
168,2.3158614482564204,0.9568797305265757,66,49,Thermal Overload
121,11.362122462436899,0.9411319486636794,75,46,Overload Fault
192,2.5197128365147243,0.8933822378638934,67,48,Thermal Overload
175,7.412963353010705,0.9890117859029832,46,45,Normal
253,9.090605194509164,0.8001186288821007,72,48,Voltage Fluctuation
243,10.709691237460856,0.7773160525774053,42,50,Overload Fault
278,9.140869321324278,0.9634904917388556,43,54,Voltage Fluctuation
185,10.017280830697919,0.859787454158437,28,48,Overload Fault
128,5.39450192542806,0.9617422135517651,54,45,Normal
168,10.148251137465122,0.9732725512988537,70,51,Overload Fault
146,2.8011484638467516,0.7656143984047679,39,46,Power Factor Issue
193,10.948166560605276,0.9708661907465151,56,53,Overload Fault
243,7.475923761537363,0.8620797638423555,61,47,Normal
275,10.172977699624937,0.8776081222510581,36,52,Voltage Fluctuation
184,6.523182845183001,0.9066481277733025,66,52,Thermal Overload
138,8.435776951965249,0.9815956516825217,50,47,Normal
199,7.264026609361132,0.754779023607441,74,48,Power Factor Issue
132,9.315895217553319,0.8692108670794543,76,46,Thermal Overload
200,2.816299820305896,0.9219305106076402,27,48,Normal
122,2.603520839905638,0.9306767394245571,34,53,Normal
109,4.471032340101464,0.923133107884277,50,46,Voltage Fluctuation
168,3.5954468011318834,0.7836087823520305,72,47,Power Factor Issue
199,10.717835665922017,0.8248488970929203,49,48,Overload Fault
133,4.192139873580443,0.8396788813542534,65,49,Power Factor Issue
279,11.758652558191313,0.9511093019198762,39,45,Voltage Fluctuation
237,5.368957917711068,0.8196899681036383,79,51,Power Factor Issue
246,3.821179156886993,0.8026762409668008,58,54,Power Factor Issue
195,9.89698507142479,0.9893620047595241,72,51,Thermal Overload
100,8.58707775500876,0.7522158212783672,74,53,Voltage Fluctuation
168,6.98195716453139,0.9994552139204945,31,48,Normal
103,7.553635509376313,0.9192053247143489,68,50,Voltage Fluctuation
115,9.192017782722639,0.9571173248622793,36,46,Voltage Fluctuation
123,4.284547413312987,0.8236548490865483,61,48,Power Factor Issue
179,11.963339160567418,0.753578819416765,49,46,Overload Fault
101,11.747931621467831,0.9344673796403825,48,54,Voltage Fluctuation
227,8.50325686346937,0.958536149250169,38,49,Normal
259,3.9954245092914515,0.9351190329883798,65,51,Voltage Fluctuation
183,8.802282424312914,0.7857125718252096,30,45,Power Factor Issue
251,2.7219840897917584,0.9383569805642422,53,54,Voltage Fluctuation
239,2.306525022058061,0.9422306955269102,69,54,Thermal Overload
277,4.576828885112137,0.9146351289175138,26,51,Voltage Fluctuation
262,6.626229567393163,0.9415289831988966,63,54,Voltage Fluctuation
223,10.682725054083805,0.961480359919433,77,50,Overload Fault
132,9.27169069766308,0.9034010285593645,53,50,Normal
260,9.42706521199981,0.7721511784924198,78,52,Voltage Fluctuation
278,6.2549333444807536,0.8719069524168027,39,52,Voltage Fluctuation
270,5.459349925469629,0.7694123336679013,69,50,Voltage Fluctuation
200,5.710387629846027,0.8518857577581077,57,47,Normal
111,11.876495637360579,0.8517766222814069,43,49,Voltage Fluctuation
166,2.401091914124825,0.7665024610350604,29,46,Power Factor Issue
164,10.670314961224486,0.8372051334923698,51,49,Overload Fault
260,7.786754085723934,0.7777495246978288,71,53,Voltage Fluctuation
267,6.386154191895905,0.9520588025023056,34,54,Voltage Fluctuation
173,9.252576604151365,0.9869220064911177,56,45,Normal
142,6.866689414247029,0.7680791188144847,39,54,Power Factor Issue
143,10.734232380816605,0.9887788018229253,22,49,Overload Fault
128,11.007018640112586,0.8806441498341863,56,50,Overload Fault
240,6.217209268734554,0.8248914194884684,76,51,Power Factor Issue
111,4.768277972350516,0.7692155188190408,59,53,Voltage Fluctuation
194,7.923503285933622,0.8751560670176044,27,50,Normal
145,11.12363345616691,0.9486288861226871,59,49,Overload Fault
229,4.106621890056665,0.9267716193166745,63,51,Normal
134,8.229665835634828,0.7625565028659934,75,45,Power Factor Issue
180,8.315602200925206,0.7682254588419759,42,49,Power Factor Issue
189,9.33113022415281,0.8507183206581592,59,46,Normal
107,3.315676851272598,0.8238226235119859,30,48,Voltage Fluctuation
192,9.158249646820884,0.808096080764012,65,51,Power Factor Issue
253,11.09032520665641,0.8202511247271784,27,49,Voltage Fluctuation
189,3.7968310887024197,0.9508706858242212,48,50,Normal
261,4.375433249238776,0.9823070134079634,49,46,Voltage Fluctuation
214,11.713950940416396,0.8512756736318916,75,47,Overload Fault
204,3.8097695270948977,0.9765277505331242,79,51,Thermal Overload
234,10.543850933695792,0.8303739253119705,29,46,Overload Fault
157,6.922778564480348,0.8691092465859479,58,50,Normal
213,4.472310744031771,0.806507249454,47,49,Power Factor Issue
174,10.707499012725114,0.9101190105439609,68,54,Overload Fault
256,6.453052550026655,0.9947452787937022,55,45,Voltage Fluctuation
219,7.148173539296902,0.9008732740108447,32,54,Normal
263,5.592333693997657,0.8394535210283872,51,48,Voltage Fluctuation
120,7.9295085143492745,0.9119543614976321,55,46,Normal
263,3.6352387258502277,0.7807301696163469,56,48,Voltage Fluctuation
237,5.910815366517607,0.9721647700663496,45,45,Normal
200,11.694123223352875,0.8757709876949591,41,46,Overload Fault
251,4.581334327011275,0.8623374355099105,23,52,Voltage Fluctuation
276,8.567366645412921,0.8964661971133798,50,50,Voltage Fluctuation
198,5.251900642246949,0.9061959656973506,37,46,Normal
135,9.734731256866006,0.7679439515566282,57,50,Power Factor Issue
195,3.3087366071834983,0.9206543053058506,43,54,Normal
251,11.698210450785448,0.8104829200788823,75,53,Voltage Fluctuation
250,6.5378954138363925,0.9284881581266474,42,51,Normal
136,4.36050463346464,0.9556336985960492,41,53,Normal
111,2.7349674733001264,0.95098962688813,21,49,Voltage Fluctuation
212,3.697579050875407,0.8881252418519723,50,51,Normal
112,7.197739485560176,0.8800424730776878,74,51,Voltage Fluctuation
122,5.370031764312863,0.7857189903348529,30,47,Power Factor Issue
198,10.288833658826094,0.9438365376007839,47,51,Overload Fault
204,6.308875236618059,0.8178523451116786,65,45,Power Factor Issue
129,4.487142725876299,0.8741738557044867,51,53,Normal
116,8.171449866040302,0.8210685232318792,24,54,Voltage Fluctuation
212,9.067772168854457,0.7834570907499233,57,50,Power Factor Issue
161,3.6704190790094984,0.9073894242229341,29,49,Normal
183,3.6761921628831766,0.7635830087057259,59,51,Power Factor Issue
211,2.3667142693354295,0.93716130853155,65,49,Normal
185,9.364020150656405,0.8293966988152792,43,54,Power Factor Issue
240,8.638045276218051,0.7500336732511214,54,49,Power Factor Issue
118,6.746308757498139,0.8777822848093074,63,54,Voltage Fluctuation
276,10.441704489691972,0.7617129771319008,67,51,Voltage Fluctuation
199,10.056701529500533,0.8190423894552249,79,54,Overload Fault
239,7.853543643967521,0.9267441218639291,42,51,Normal
246,10.682712805132587,0.7656724054054664,36,47,Overload Fault
175,4.058412100367683,0.9598346230890006,20,47,Normal
108,3.1191961939772788,0.7509549806646458,74,54,Voltage Fluctuation
127,4.697496115169896,0.8117059673004756,50,47,Power Factor Issue
227,2.5708685608931487,0.9352260140380179,50,50,Normal
151,7.31169528001032,0.8290675374323266,61,50,Power Factor Issue
182,11.366056922949614,0.7754730970165034,76,47,Overload Fault
210,2.3934354066850965,0.8400584797001069,74,47,Power Factor Issue
243,3.221099140100268,0.8175983215961313,61,52,Power Factor Issue
216,6.521990282834353,0.9606779755401387,72,52,Thermal Overload
168,11.33875017527905,0.8283369793962858,75,51,Overload Fault
198,5.161561049767505,0.9472331179440018,53,54,Normal
239,7.072348086883924,0.9729680362026837,28,48,Normal
124,2.415728590503921,0.8584543548941324,41,48,Normal
279,3.4834320096208886,0.977485785963598,32,47,Voltage Fluctuation
222,11.86630122958847,0.8443295134907982,44,49,Overload Fault
152,11.651186964360456,0.991019604122527,67,47,Overload Fault
250,2.049399809344096,0.7723223811313933,37,52,Power Factor Issue
243,11.51811785423239,0.9217548166258107,70,51,Overload Fault
156,8.391199378155004,0.8734535101142322,31,47,Normal
138,10.679182945200221,0.8469122013639118,59,53,Overload Fault
208,6.547398556338591,0.9081779696871503,36,49,Normal
141,7.155960285792503,0.9259642729085829,34,53,Normal
266,6.888465802569202,0.7510908174125772,61,51,Voltage Fluctuation
241,8.668642575461043,0.7917382721867997,34,51,Power Factor Issue
221,3.396512547563129,0.9282615126585797,34,50,Normal
232,2.2997358987267793,0.9165963533945516,74,46,Thermal Overload
262,5.079299415911909,0.9915118762821693,58,53,Voltage Fluctuation
174,9.046807627366467,0.9402594475626957,32,50,Normal
245,4.018534521229483,0.9876931769328345,36,52,Normal
175,8.734324333249173,0.9256351253837017,51,45,Normal
108,11.699120461072704,0.8245130521598608,28,49,Voltage Fluctuation
173,2.939007157894184,0.7763412305627141,59,45,Power Factor Issue
244,8.726021182251262,0.9454559658362339,39,54,Normal
106,6.437502193045711,0.911037305368979,45,52,Voltage Fluctuation
273,10.681422543775053,0.7620465030983241,46,52,Voltage Fluctuation
240,3.771497894473859,0.8400126164752446,40,45,Power Factor Issue
267,8.926259522261645,0.9891999538710715,37,53,Voltage Fluctuation
269,10.381152896481103,0.8751002864275503,32,46,Voltage Fluctuation
236,11.446142194740233,0.8581822840049261,35,53,Overload Fault
277,8.832480282896459,0.8644249012898235,28,45,Voltage Fluctuation
126,6.971747640084273,0.802220681001291,31,54,Power Factor Issue
221,8.178472402012138,0.8421767927161988,63,53,Power Factor Issue
104,10.689049844787181,0.8424533139967941,57,48,Voltage Fluctuation
128,7.706097466388297,0.7630887550468681,38,53,Power Factor Issue
264,2.303870596968369,0.9418919071294796,79,51,Voltage Fluctuation
265,11.309486955069778,0.8541261079759698,26,50,Voltage Fluctuation
182,8.895267510315612,0.9555449717041058,76,49,Thermal Overload
235,8.765133857772465,0.9625870002799739,54,53,Normal
208,4.156751523977172,0.8029985136746645,67,46,Power Factor Issue
164,8.588854702326572,0.9143383705425321,37,46,Normal
185,5.938644056541585,0.8680704510407454,35,53,Normal
244,8.51232977041492,0.9700391844803713,74,47,Thermal Overload
170,3.065930303079907,0.8039351697941135,58,52,Power Factor Issue
144,8.578453046030361,0.919453300077511,23,53,Normal
231,11.994137257706665,0.9019380305631807,78,52,Overload Fault
135,2.4821203886055603,0.8238253693929583,44,48,Power Factor Issue
169,11.771741842213173,0.7841502259127932,51,45,Overload Fault
258,6.069079607228706,0.9129099401193191,59,48,Voltage Fluctuation
118,10.707534503372592,0.9346493645330827,32,53,Voltage Fluctuation
207,9.823854840582735,0.8289068359408375,64,46,Power Factor Issue
266,7.6701626098666775,0.9112081510055785,36,47,Voltage Fluctuation
190,9.384492092513266,0.8487827269028758,68,54,Power Factor Issue
189,10.78515561301348,0.9283017208206544,56,52,Overload Fault
118,6.0414032165103295,0.7998038187235132,25,50,Voltage Fluctuation
138,5.2703316156323865,0.9725537506590436,38,52,Normal
225,8.675933855635847,0.821852399116395,32,51,Power Factor Issue
272,10.078459419412585,0.8419464969390382,76,49,Voltage Fluctuation
240,9.622851347766158,0.7645229880200874,79,53,Power Factor Issue
225,9.978136488586344,0.7778780530803191,45,48,Power Factor Issue
157,6.35583314812933,0.878965475678082,33,50,Normal
247,10.178342161750216,0.8168981691819929,50,46,Overload Fault
160,3.2020905537060846,0.9588700564355486,73,46,Thermal Overload
226,7.444890979608496,0.7536733471637385,23,46,Power Factor Issue
204,2.057586604981216,0.844773512167984,79,54,Power Factor Issue
266,5.245858299002703,0.8343363866922732,58,51,Voltage Fluctuation
100,5.664615348713979,0.7548319077294002,27,46,Voltage Fluctuation
230,5.9617269160925535,0.7810920997501276,44,46,Power Factor Issue
191,8.954672066898622,0.8534106687296588,32,53,Normal
212,5.885581012703457,0.8732161461118617,51,51,Normal
252,6.486936226225307,0.8510724368137172,78,47,Voltage Fluctuation
155,4.375441308743275,0.8827344196030235,57,47,Normal
260,5.732517916293401,0.8987829187264204,57,51,Voltage Fluctuation
265,4.2726962726315145,0.7524809552819589,75,49,Voltage Fluctuation
216,2.7319592376844364,0.866023789863376,47,54,Normal
233,8.03448593381378,0.990874810221897,72,50,Thermal Overload
157,8.682127985550164,0.8797580700323872,49,52,Normal
143,8.194903460096146,0.9193855668647383,22,53,Normal
272,6.6349404380057235,0.8279659644792208,47,45,Voltage Fluctuation
259,5.797857801792298,0.9434978445381906,22,47,Voltage Fluctuation
272,10.633336495718252,0.9432303704690288,64,51,Voltage Fluctuation
160,7.190817851362181,0.8803240119135347,73,50,Thermal Overload
146,6.79181877629731,0.9940034558198034,53,51,Normal
248,2.256420658064357,0.7813875536906634,35,52,Power Factor Issue
179,5.412478276261563,0.7542369162223952,41,50,Power Factor Issue
217,5.80195618785857,0.9425395529392739,51,47,Normal
263,5.988227808969005,0.9517888843412207,57,46,Voltage Fluctuation
246,7.801723692273323,0.7800518072801441,27,51,Power Factor Issue
119,7.336025467268785,0.8163957082396516,74,45,Voltage Fluctuation
245,8.079050927934446,0.7543880908416573,27,47,Power Factor Issue
146,9.648832615421282,0.8233271526951411,76,48,Power Factor Issue
148,10.129857387160936,0.9432854684796679,25,45,Overload Fault
113,9.181230762264944,0.8794901319281447,33,49,Voltage Fluctuation
242,11.555236959549347,0.837023898292072,51,54,Overload Fault
258,2.1823258267636163,0.8429348237265826,54,47,Voltage Fluctuation
100,3.9577798568354607,0.7503384064288671,29,46,Voltage Fluctuation
216,2.075628749781421,0.824950131891309,22,47,Power Factor Issue
153,8.474747141546029,0.9116146854094827,78,52,Thermal Overload
217,10.98030548949987,0.9935486109540893,31,50,Overload Fault
102,4.434822965762993,0.9617652067459749,68,51,Voltage Fluctuation
243,11.270345447963066,0.7558987411613822,78,50,Overload Fault
111,2.6026739028956083,0.9746401511687098,50,50,Voltage Fluctuation
173,11.344360268055143,0.9457996033246565,48,47,Overload Fault
115,5.516226872396344,0.9450940308927451,24,52,Voltage Fluctuation
201,3.014208284492165,0.8644989397508929,71,51,Thermal Overload
251,6.858717591863257,0.8495013232386257,44,51,Voltage Fluctuation
255,4.567765677205079,0.8257289322082981,60,50,Voltage Fluctuation
216,4.8487290196192285,0.7664237147385915,50,49,Power Factor Issue
107,5.072899649262865,0.8070588408734247,40,54,Voltage Fluctuation
221,10.030258978326634,0.8116509087445062,77,52,Overload Fault
191,7.391612766752544,0.8710192674275504,39,49,Normal
263,5.113076991560036,0.9368611016491735,58,53,Voltage Fluctuation
189,8.103337833109183,0.8684524570994867,41,53,Normal
235,9.161506742231936,0.7644611123617902,23,45,Power Factor Issue
159,4.7262400073353374,0.9894474502470509,32,50,Normal
277,6.135491015253515,0.985681079773528,64,51,Voltage Fluctuation
127,3.2188609333694753,0.9462973857871021,61,47,Normal
200,3.811493495346803,0.9978319753910552,69,51,Thermal Overload
140,8.811178539649827,0.8861205832000657,68,51,Thermal Overload
254,3.8143834769562694,0.9906920875633015,39,46,Voltage Fluctuation
244,7.251633836670601,0.7689012601541877,71,51,Power Factor Issue
260,9.090462617224327,0.8414201870653428,32,45,Voltage Fluctuation
256,3.0687692309474386,0.8063453170016914,36,49,Voltage Fluctuation
240,7.673122196289036,0.7989582710335675,73,53,Power Factor Issue
145,4.565627837013638,0.7852007372231691,55,51,Power Factor Issue
134,11.629268752375799,0.9056034103914992,52,51,Overload Fault
233,6.835456467199247,0.9453304639368263,20,46,Normal
181,10.059925497751582,0.8945745998550901,34,52,Overload Fault
214,7.502265421562617,0.7867406773970524,32,47,Power Factor Issue
146,2.4341253285481916,0.9527809424833678,36,52,Normal
252,8.331513755940223,0.9089886767909321,43,47,Voltage Fluctuation
109,11.51403342206657,0.8470414265317489,77,54,Voltage Fluctuation
155,8.016118201463312,0.9185325738840158,27,51,Normal
129,10.191888594267901,0.8149762448107082,69,46,Overload Fault
208,10.842064633484078,0.8362980521235526,46,48,Overload Fault
104,4.280797719489325,0.9793714607829975,64,50,Voltage Fluctuation
218,4.1204483990822665,0.8226261264178552,42,53,Power Factor Issue
132,8.109809888509918,0.8674970670394841,65,49,Normal
217,6.110284698067047,0.9725352843490036,27,53,Normal
164,10.398613028667203,0.9269303375668818,27,49,Overload Fault
245,11.000231233980111,0.7655508065411757,78,54,Overload Fault
276,5.534213793027181,0.7868257610697426,45,52,Voltage Fluctuation
110,4.36870558974482,0.7519603976929792,66,45,Voltage Fluctuation
184,9.805255152438619,0.9077304475572908,78,51,Thermal Overload
125,4.7480603554813605,0.8619183563526046,32,48,Normal
162,10.226143185136785,0.7835687127255688,58,49,Overload Fault
185,6.237382536487628,0.9894835302641927,56,50,Normal
158,8.675498992914704,0.882414930986405,68,49,Thermal Overload
126,2.955353138346682,0.8104733235282223,47,45,Power Factor Issue
276,8.238593246765731,0.8751508927886769,44,53,Voltage Fluctuation
260,6.517676787372292,0.919905083183777,35,46,Voltage Fluctuation
197,7.866084631754741,0.7690598044933912,74,53,Power Factor Issue
204,3.680142077448634,0.818675953761973,21,54,Power Factor Issue
198,9.36873744944182,0.9517413727209985,73,46,Thermal Overload
228,10.627970775432285,0.8649162176006653,37,53,Overload Fault
248,4.167398000907756,0.8866442855080737,36,50,Normal
154,2.9571455552016173,0.8582040005523673,49,53,Normal
105,2.236385860463364,0.7609749856607513,58,50,Voltage Fluctuation
194,8.41971500443266,0.791437444955039,32,50,Power Factor Issue
232,8.070940360887807,0.8613854096854727,51,46,Normal
201,7.4669741271407,0.802296366351982,69,52,Power Factor Issue
102,4.319470961159754,0.7624947571649197,48,47,Voltage Fluctuation
122,5.9090599590551465,0.960912416012956,65,51,Normal
152,7.944763351861731,0.9952981322910289,49,49,Normal
264,6.967668588591694,0.9482857184991849,37,47,Voltage Fluctuation
182,11.877855202148872,0.9634462304261667,32,45,Overload Fault
244,3.3643975255673313,0.8104942825792614,62,52,Power Factor Issue
184,8.951445540475937,0.9901567438782999,40,47,Normal
177,6.043187681042921,0.7992314261133571,49,46,Power Factor Issue
209,6.281996149256147,0.9878574525904581,40,45,Normal
100,9.175977656581763,0.9987048234914877,67,48,Voltage Fluctuation
150,8.924361513243696,0.9279307014365121,74,52,Thermal Overload
272,11.912559937021882,0.9952859329479555,36,47,Voltage Fluctuation
103,3.2839428945412523,0.8923849448917759,59,45,Voltage Fluctuation
212,3.041096493841663,0.8148854457940226,38,48,Power Factor Issue
131,9.24338817128741,0.8592489714164052,71,53,Thermal Overload
133,7.783869170064091,0.8983902338446965,34,45,Normal
191,4.741606665598058,0.7682703905067537,28,46,Power Factor Issue
194,2.794193689889866,0.9055858161543116,71,53,Thermal Overload
171,2.8565824959643056,0.9952944591905737,29,46,Normal
138,10.941908746641182,0.7975269124459319,63,47,Overload Fault
253,3.918673247187429,0.9481487790720958,50,51,Voltage Fluctuation
261,5.233715621155207,0.9769746984449048,72,47,Voltage Fluctuation
217,4.26656402226988,0.9859253982050552,42,53,Normal
102,5.549963058319373,0.9900339011013618,71,50,Voltage Fluctuation
222,2.6942384274609337,0.880364909680368,49,47,Normal
149,7.190597909082704,0.994326976997876,52,53,Normal
111,2.676125635922149,0.9393275517836097,76,45,Voltage Fluctuation
153,10.003565078223616,0.7904178590592404,71,54,Overload Fault
232,4.33712081910433,0.8692250266169925,28,47,Normal
156,7.400119146045106,0.929582793843001,73,45,Thermal Overload
244,10.800790875614583,0.8118350789547708,66,46,Overload Fault
211,8.50877369047194,0.9101537958872219,20,52,Normal
146,7.329577865513353,0.9166501197616548,63,51,Normal
250,5.243337531153756,0.7906749359521414,54,46,Power Factor Issue
184,5.330019130581979,0.8912713281131891,30,46,Normal
241,8.6948695519819,0.9429067277446519,53,53,Normal
165,11.941393612211675,0.8747239161339855,35,50,Overload Fault
174,8.618391898493787,0.7530257791940269,28,49,Power Factor Issue
278,7.577834173700249,0.752259617269823,51,54,Voltage Fluctuation
202,9.30650510239246,0.8392573359925031,34,50,Power Factor Issue
265,6.652056122837181,0.9815485171079454,31,53,Voltage Fluctuation
137,2.601423426007852,0.8071691949009022,52,51,Power Factor Issue
149,7.6229681587790985,0.9085909222179218,64,54,Normal
197,11.576252845053801,0.8055189676733301,33,54,Overload Fault
181,3.7530294235765966,0.8304174974148871,76,53,Power Factor Issue
129,8.900048908206657,0.962010522400371,76,48,Thermal Overload
178,4.009336886590565,0.9322153605674868,27,46,Normal
190,7.3582768447308124,0.7738498193283027,27,52,Power Factor Issue
278,2.966764496467196,0.8571755052466083,46,48,Voltage Fluctuation
151,6.503709362581851,0.7572924409113161,31,53,Power Factor Issue
265,9.56163328895246,0.8702225366507522,20,48,Voltage Fluctuation
178,5.475715242389821,0.915608502925267,62,52,Normal
129,8.64911724487218,0.7796256558995379,59,53,Power Factor Issue
205,9.954499607897292,0.8222212347272915,61,53,Power Factor Issue
150,11.271778194794527,0.8494591563755393,70,54,Overload Fault
180,4.346420818554535,0.9798827561640124,30,48,Normal
232,5.993159158093081,0.998313753855741,58,45,Normal
128,3.524160133304174,0.7612278247489039,62,47,Power Factor Issue
231,11.924835021583752,0.940251980873848,50,53,Overload Fault
237,11.270009679242953,0.8429310166005858,36,48,Overload Fault
244,7.399571302805596,0.8481145465573701,52,49,Power Factor Issue
173,10.420332943764212,0.9385662433367556,51,51,Overload Fault
116,7.209579772720422,0.9796066080363521,77,49,Voltage Fluctuation
183,8.235856880027598,0.9877321486256371,48,48,Normal
168,2.8912443211601664,0.8942806465095802,40,46,Normal
133,9.55270420496808,0.8392802898251257,40,46,Power Factor Issue
105,3.2771348363523485,0.9468872714646948,59,48,Voltage Fluctuation
152,10.260676302525283,0.812750345815575,42,54,Overload Fault
225,9.820280876703858,0.8910185072083794,75,54,Thermal Overload
142,9.087446977429764,0.8396446153812183,25,53,Power Factor Issue
214,2.361603805247621,0.914157768426969,41,52,Normal
210,5.031283559453286,0.8100997282233767,69,47,Power Factor Issue
250,4.631125699108429,0.7978982364337064,57,53,Power Factor Issue
179,5.601364074715191,0.9795597716688593,56,49,Normal
194,2.8764274676383854,0.7754509207373842,64,47,Power Factor Issue
217,11.369578230310628,0.8764894769337329,70,49,Overload Fault
243,7.538022407123763,0.8052131957407522,73,54,Power Factor Issue
107,5.055243106580235,0.7597324908314169,27,48,Voltage Fluctuation
231,5.969815170742834,0.7590047045728566,60,52,Power Factor Issue
203,6.472025405048356,0.7938054430264568,68,49,Power Factor Issue
231,8.005943333606172,0.9666925886265001,54,54,Normal
124,7.156794276964978,0.8206196859942567,70,52,Power Factor Issue
195,11.193919732144174,0.9876147926438239,30,53,Overload Fault
254,6.969634829058302,0.8954055732472984,43,48,Voltage Fluctuation
192,11.921580148233126,0.8591535474421915,68,51,Overload Fault
259,10.514249577450958,0.8950222086673636,40,46,Voltage Fluctuation
277,4.085105143573358,0.8791745963065669,70,50,Voltage Fluctuation
160,11.305952146439163,0.9396940634393313,21,52,Overload Fault
221,3.163663978854761,0.820624016493213,59,51,Power Factor Issue
150,10.174497084911916,0.8382625979000756,38,51,Overload Fault
246,5.8062329347658,0.9735235756333127,58,52,Normal
120,10.779743204450694,0.9866141282876013,47,51,Overload Fault
104,10.680566901074503,0.9731395568716186,78,49,Voltage Fluctuation
191,10.059254001176212,0.8548619984893284,36,51,Overload Fault
269,9.900304363070614,0.9450913757517204,25,54,Voltage Fluctuation
160,5.046791390980408,0.8690839333252747,38,47,Normal
121,2.8091928305125218,0.8743849630365256,75,49,Thermal Overload
248,6.029801787651614,0.801170027264321,57,51,Power Factor Issue
169,3.7352451498650865,0.8977825758146292,47,53,Normal
100,8.949510889024618,0.796533974438337,21,46,Voltage Fluctuation
232,5.460997265377856,0.8328911747667984,57,48,Power Factor Issue
111,11.756102008599148,0.9637575504049838,74,51,Voltage Fluctuation
189,8.40972077345332,0.8017689523027138,56,45,Power Factor Issue
145,10.224805636343609,0.7677895712933582,70,46,Overload Fault
133,3.3252467274184845,0.767251898153204,71,53,Power Factor Issue
276,10.620144822726225,0.985196130125777,23,54,Voltage Fluctuation
177,11.227571905133944,0.8767301094904587,41,51,Overload Fault
144,6.870619188189359,0.8523530179542546,45,54,Normal
254,8.062529377509774,0.9527196452519796,68,51,Voltage Fluctuation
172,9.648098009029955,0.9589564819776291,62,50,Normal
125,3.7483862726041255,0.8330477582789011,55,47,Power Factor Issue
146,7.0256607646344245,0.9234045143684488,77,54,Thermal Overload
220,5.9866302777231315,0.9427807039629716,32,47,Normal
155,3.463739921622491,0.9136626717164886,71,46,Thermal Overload
193,5.675344222915315,0.7878987687000248,77,50,Power Factor Issue
206,2.6817230938549357,0.9689707708792643,51,48,Normal
162,2.25811906949487,0.8847736381840021,36,49,Normal
147,3.3516628915482274,0.8206181065925009,60,47,Power Factor Issue
160,11.631151115891738,0.8563070463594235,55,50,Overload Fault
180,7.49529535895017,0.7593927725997268,74,47,Power Factor Issue
125,11.6582216115322,0.7819667003056043,79,52,Overload Fault
135,6.32497878330132,0.9413866876289652,65,53,Normal
100,5.118161330852596,0.7500029086888416,38,48,Voltage Fluctuation
107,7.061418628402441,0.854141457120573,77,53,Voltage Fluctuation
212,6.3951168863291015,0.8806275452713971,79,51,Thermal Overload
198,3.056646842617439,0.7636586050002431,54,47,Power Factor Issue
279,8.408263146902062,0.9932695407430832,65,51,Voltage Fluctuation
146,4.160381825095996,0.806531332812418,59,45,Power Factor Issue
226,8.195879548978295,0.8260496799090702,75,47,Power Factor Issue
155,8.502010923981533,0.8259856280637569,78,50,Power Factor Issue
113,3.520248531286481,0.8076041655293374,47,48,Voltage Fluctuation
127,2.6134962711066816,0.7503684555215778,20,51,Power Factor Issue
177,9.807615860684399,0.9323361985219991,61,47,Normal
229,6.5980042376932015,0.9917113749498213,37,45,Normal
208,2.5816379550547577,0.8060733708212613,67,53,Power Factor Issue
253,11.948663171697671,0.9157617979508557,59,50,Voltage Fluctuation
113,2.5778056099636664,0.9354740817396787,52,52,Voltage Fluctuation
155,8.950352288585531,0.9621063447726312,31,47,Normal
214,11.836789252634135,0.8556572992534023,27,52,Overload Fault
106,4.391801042159257,0.8257327264101073,43,46,Voltage Fluctuation
102,3.4224936868719618,0.8313237835057578,35,48,Voltage Fluctuation
210,3.213849394224289,0.9281553332746282,69,47,Thermal Overload
250,5.032751475675956,0.9541948666264091,23,54,Normal
206,3.010458110106467,0.7954034919391506,57,45,Power Factor Issue
117,8.92161341694132,0.8427352520394413,63,51,Voltage Fluctuation
137,2.6229179813006267,0.9754850491872875,46,54,Normal
214,7.094221281497897,0.9516733799236848,28,46,Normal
114,11.966968538529768,0.996214600690619,66,48,Voltage Fluctuation
218,10.139702695060189,0.9385620649205202,35,53,Overload Fault
127,8.152194382310109,0.8482988002569806,75,50,Power Factor Issue
138,5.062536207866117,0.8976594584986595,31,52,Normal
116,8.238958362916385,0.9152535635618301,50,46,Voltage Fluctuation
185,7.270414639116517,0.769613954079281,43,51,Power Factor Issue
225,6.260833838903714,0.8861242397759663,74,50,Thermal Overload
143,3.307103767401995,0.9273302071181524,33,53,Normal
124,10.866042152404667,0.791830326000265,64,51,Overload Fault
244,6.497846488213225,0.9451579293563893,44,45,Normal
112,3.946225118207651,0.8959431951285279,53,52,Voltage Fluctuation
124,5.677593508772896,0.9880554464243987,22,54,Normal
167,6.1412975252892705,0.760605574551723,77,47,Power Factor Issue
237,10.275378955668742,0.8163315343888667,43,46,Overload Fault
166,9.336143805614022,0.900388469824956,73,47,Thermal Overload
208,9.693048936413398,0.8241399780514826,61,50,Power Factor Issue
245,2.110312644286472,0.9286060410178105,28,47,Normal
210,6.161539981797615,0.9397513206304827,45,54,Normal
210,6.813441516353237,0.7756289910166186,39,49,Power Factor Issue
133,2.191922768230567,0.8784636160516919,59,50,Normal
210,4.598132087450342,0.877222638897764,29,52,Normal
107,9.60289823122135,0.8423201925538852,38,51,Voltage Fluctuation
267,3.3710970572899903,0.983231215642418,22,52,Voltage Fluctuation
212,7.353101314525917,0.9568765799683053,43,47,Normal
182,4.152018720172375,0.9243023454774092,24,48,Normal
141,2.121207746438933,0.9285816589337494,22,50,Normal
268,4.412014575995415,0.8654290359532798,77,51,Voltage Fluctuation
200,11.758737549100537,0.980248630274144,46,53,Overload Fault
105,10.015371118829895,0.9236488568133213,35,45,Voltage Fluctuation
279,11.595766443210334,0.9322452654139541,68,52,Voltage Fluctuation
125,6.878540439263625,0.9654227259468363,34,52,Normal
163,3.0973619867750353,0.8185178973355478,54,50,Power Factor Issue
158,7.47959488973693,0.9517677259666757,31,48,Normal
208,6.543773345599609,0.798810150739123,60,47,Power Factor Issue
220,10.44357082739616,0.8363354880612219,72,47,Overload Fault
132,2.9808258078424457,0.8339026135674606,63,50,Power Factor Issue
249,6.882411370217782,0.9946313670972852,45,52,Normal
120,3.5004866469398426,0.9641343059369817,66,51,Thermal Overload
169,5.2467592689005995,0.9252924653975649,53,45,Normal
211,9.373570773877997,0.9317641904038475,42,50,Normal
103,6.7601812936876655,0.8905181986006427,50,51,Voltage Fluctuation
193,5.7588828514576935,0.9867726667771297,69,51,Thermal Overload
174,5.9447627857003535,0.8740646882205904,39,53,Normal
161,6.594467684059866,0.8451294274674737,31,54,Power Factor Issue
193,9.850165438370569,0.7907588342328977,42,49,Power Factor Issue
194,10.920846889402345,0.9465514130652645,23,45,Overload Fault
251,11.553346865039282,0.9336109830188979,42,46,Voltage Fluctuation
154,9.86903386255295,0.8460887596310337,67,48,Power Factor Issue
236,5.154068957480128,0.7562983534898073,74,49,Power Factor Issue
230,8.881347060865421,0.9597493319295027,67,53,Thermal Overload
130,6.376031240553919,0.7528544958635184,20,45,Power Factor Issue
139,4.5467062204605115,0.9259249449072627,73,47,Thermal Overload
135,10.408715794259226,0.9925642774315142,44,49,Overload Fault
251,2.38426348962325,0.8594153320370509,21,47,Voltage Fluctuation
105,11.017619921354235,0.8087433512489882,49,48,Voltage Fluctuation
165,6.614774646247342,0.9262177525108455,22,47,Normal
174,8.372014768082805,0.9542820355038963,77,48,Thermal Overload
103,8.593539222057828,0.8866075790194619,40,45,Voltage Fluctuation
178,10.951177407065364,0.9917588188140365,44,52,Overload Fault
233,8.366696821672074,0.7629171804144903,39,48,Power Factor Issue
217,8.139335847600618,0.8761988995761321,68,51,Thermal Overload
212,2.6665204056068994,0.9296134868306375,71,46,Thermal Overload
193,7.18408021945204,0.9656601177872948,41,46,Normal
278,3.5016900081704163,0.7948139029769475,40,50,Voltage Fluctuation
161,9.374337687214856,0.9500008704409204,52,46,Normal
178,7.122219208126745,0.8881767689296363,71,50,Thermal Overload
235,8.802277792083533,0.8491384204974908,57,46,Power Factor Issue
125,2.416729006023843,0.7829287571447734,34,48,Power Factor Issue
278,2.847920160458032,0.9663239397272281,77,51,Voltage Fluctuation
272,9.163233880626823,0.7893183020449288,77,52,Voltage Fluctuation
143,2.7208433599867337,0.8274469648022749,65,47,Power Factor Issue
232,2.712567277652586,0.8225113829906092,71,53,Power Factor Issue
169,2.1210847523488745,0.9678535085477136,34,46,Normal
253,11.5650139829948,0.9181757485522245,65,52,Voltage Fluctuation
217,9.37508359459007,0.949170349297843,44,52,Normal
167,5.532514085020642,0.8126169746981248,40,48,Power Factor Issue
118,4.9653558128765525,0.9062185249017497,43,45,Voltage Fluctuation
119,5.497032297458496,0.8929364957859371,76,45,Voltage Fluctuation
212,9.746535311811819,0.9582075941970678,77,46,Thermal Overload
239,8.613706110704143,0.9765217651203151,24,53,Normal
146,3.8519556786746794,0.7530391928693467,25,46,Power Factor Issue
100,3.7410933533408435,0.9185049797646981,68,46,Voltage Fluctuation
189,2.983956497133973,0.7629589497799323,62,50,Power Factor Issue
241,8.603027197013382,0.887214666269339,67,51,Thermal Overload
163,9.64372662221736,0.8219081822609196,63,51,Power Factor Issue
137,4.65046428325004,0.8266941498805354,66,53,Power Factor Issue
136,2.209449610309128,0.8382396258630891,42,50,Power Factor Issue
225,2.8217166747642732,0.9053231122624026,23,52,Normal
238,11.678600348450304,0.8335124914171923,46,50,Overload Fault
199,4.954447774774202,0.9331747626475702,37,46,Normal
176,9.692231478381336,0.8511318463934674,40,45,Normal
102,8.246635688542638,0.7670883000774896,47,49,Voltage Fluctuation
260,5.819396396528959,0.9459399606210268,54,53,Voltage Fluctuation
233,4.056872621955551,0.8214395811481765,41,52,Power Factor Issue
277,3.2138641815940643,0.8581917198998157,59,48,Voltage Fluctuation
109,8.150129680388666,0.9213609708054754,42,49,Voltage Fluctuation
104,9.74633780637788,0.833114039287178,22,49,Voltage Fluctuation
250,8.439042535411307,0.7641464140366789,59,50,Power Factor Issue
237,7.303021332491583,0.8434802617532033,69,47,Power Factor Issue
271,2.419512234316363,0.9861121456735759,29,49,Voltage Fluctuation
229,11.684887775943839,0.9104335993246395,44,46,Overload Fault
112,9.987141916545745,0.9178697871668018,71,54,Voltage Fluctuation
267,4.928220367009647,0.90807053840941,68,45,Voltage Fluctuation
229,11.799703293588507,0.7997480347398592,27,45,Overload Fault
183,8.018815896363222,0.85458346602557,74,54,Thermal Overload
164,7.824226582072464,0.9377349495908296,30,51,Normal
162,9.480731794295322,0.7753432243882898,24,46,Power Factor Issue
200,10.117697880901375,0.8194631940224281,77,48,Overload Fault
172,8.564786073315027,0.8190797771164634,64,49,Power Factor Issue
116,3.2809574636620003,0.8580047318986265,72,51,Voltage Fluctuation
108,5.382675059944984,0.9950921852355463,74,46,Voltage Fluctuation
242,11.280836403260498,0.7668756366709555,56,50,Overload Fault
251,4.2461561184385195,0.8796752485951488,75,45,Voltage Fluctuation
137,5.721670238375133,0.7948411705030526,78,51,Power Factor Issue
262,6.32076882944196,0.992669136352436,64,53,Voltage Fluctuation
193,6.394049896944522,0.7783258761818661,57,49,Power Factor Issue
194,8.129395824945256,0.8509002505903978,48,49,Normal
148,11.430758377447075,0.9344712462086515,24,48,Overload Fault
168,4.40692711832505,0.9261386070068613,28,47,Normal
161,3.2150137630091806,0.8556821592234831,78,53,Thermal Overload
277,3.974704898599373,0.8366310419881795,67,49,Voltage Fluctuation
177,10.869249002092696,0.8494030946382176,21,52,Overload Fault
216,8.45810812655206,0.8160690657896599,20,53,Power Factor Issue
219,4.859067892391601,0.8013332346766999,59,49,Power Factor Issue
236,10.159469389686173,0.8707599243897225,79,54,Overload Fault
261,10.61369996363436,0.8171334390169018,70,53,Voltage Fluctuation
175,10.465143386902781,0.8218654162243125,49,46,Overload Fault
134,11.189265336395545,0.9141890158686392,30,53,Overload Fault
100,4.522410201733615,0.992134332924973,47,48,Voltage Fluctuation
139,9.550419287462784,0.9009093001398438,63,50,Normal
163,6.6053949727414,0.7692448667662416,31,50,Power Factor Issue
249,10.419985528900614,0.7688959034635168,58,50,Overload Fault
159,9.284906771616132,0.9878558052113915,45,46,Normal
163,9.764474464997246,0.8243226975768334,32,51,Power Factor Issue
192,8.561618376810715,0.7730167465206188,78,50,Power Factor Issue
171,3.774287694697069,0.8997611467875954,27,45,Normal
110,7.450269188969383,0.9059121945725666,73,46,Voltage Fluctuation
204,11.846697395245082,0.912126205029672,47,51,Overload Fault
113,11.373880664971189,0.8168505069643853,77,45,Voltage Fluctuation
159,2.4317373579701167,0.7537776710536188,49,45,Power Factor Issue
129,3.6481481572943713,0.9912538423636179,28,45,Normal
134,3.3172877345456193,0.8127232614227756,58,52,Power Factor Issue
264,9.259799099852955,0.9190065720131368,50,48,Voltage Fluctuation
104,10.17785329856945,0.9266574674696774,77,48,Voltage Fluctuation
182,4.135113663106719,0.9025018542698714,40,46,Normal
222,7.05852692951829,0.8282268485534121,75,45,Power Factor Issue
177,10.407030280112,0.8177740634410164,66,54,Overload Fault
253,9.328015447662505,0.8994170706756758,53,53,Voltage Fluctuation
161,7.422372054918483,0.9665239084029229,74,51,Thermal Overload
231,7.903476904587729,0.9866834322308489,50,48,Normal
188,7.0836054691628,0.7764764511009394,71,50,Power Factor Issue
141,4.9754845131882055,0.78870715314943,44,46,Power Factor Issue
188,7.650219928590161,0.9861840646957699,31,51,Normal
245,8.888853020500907,0.9341338070836982,20,46,Normal
139,10.733229158608077,0.9707484562074433,74,54,Overload Fault
171,8.36291353979248,0.8006581585338358,41,52,Power Factor Issue
138,9.61121537043158,0.8968964677773504,59,52,Normal
203,3.60071634954573,0.9252848986043685,56,45,Normal
113,6.6155747441978985,0.9200279713617432,66,52,Voltage Fluctuation
131,2.0933161982709327,0.8520379227166746,20,46,Normal
278,4.46678864521623,0.7538487229228271,20,50,Voltage Fluctuation
224,9.264617151130048,0.8957315142010658,76,45,Thermal Overload
265,11.918099513493635,0.8132753847949021,61,49,Voltage Fluctuation
196,2.9917809958721593,0.8625635615357226,73,51,Thermal Overload
122,6.0149431586128825,0.9893952537709543,61,54,Normal
162,10.000709686991595,0.8497588294106087,40,45,Overload Fault
242,4.040356346288989,0.9599504016661067,34,46,Normal
252,7.550849493022863,0.7971351514373128,36,51,Voltage Fluctuation
244,9.330712960296747,0.9181151245062572,41,50,Normal
152,8.15985450260179,0.9942517386097358,57,47,Normal
203,3.880247346154161,0.7754732752182342,54,54,Power Factor Issue
203,5.553845686857394,0.752079985556798,64,46,Power Factor Issue
278,9.837917844853973,0.8583956981581535,35,54,Voltage Fluctuation
138,7.542265141320167,0.7731563707628418,27,48,Power Factor Issue
278,2.0522961354291276,0.9370960874190578,66,47,Voltage Fluctuation
233,9.609907600280938,0.9786371659621398,36,51,Normal
166,2.3531135494023907,0.8585052431771897,36,52,Normal
234,9.457337827312323,0.8146779105388602,73,46,Power Factor Issue
278,4.024805601652374,0.8586008297516524,45,54,Voltage Fluctuation
141,11.580734801193802,0.9308619544625003,32,51,Overload Fault
114,5.679407513020845,0.7522635403950928,36,52,Voltage Fluctuation
210,5.2693161633807915,0.8973634973711743,57,50,Normal
256,3.488880503324447,0.9033229212218448,36,50,Voltage Fluctuation
132,5.056042154902149,0.9094220617239839,67,54,Thermal Overload
254,10.766507618282006,0.8105055199952194,33,45,Voltage Fluctuation
263,11.963343376272473,0.9285131808445317,64,48,Voltage Fluctuation
256,5.683095305068483,0.7728478715829441,25,45,Voltage Fluctuation
137,6.486106309545425,0.7998175841167002,54,48,Power Factor Issue
196,9.220709382027371,0.9693675116636205,65,46,Normal
254,10.861957804650745,0.9346807876816416,33,49,Voltage Fluctuation
132,7.930443341867841,0.7534363885028363,66,54,Power Factor Issue
185,5.915256981778294,0.8120940650924501,27,53,Power Factor Issue
165,6.126218408486237,0.8036016207482911,34,54,Power Factor Issue
109,8.956181464968068,0.8177015820092431,73,47,Voltage Fluctuation
104,2.032182636042787,0.8118899425699716,46,52,Voltage Fluctuation
222,8.195893374598407,0.7656315739357115,32,47,Power Factor Issue
173,5.5549301044135735,0.8647351291492051,68,50,Thermal Overload
196,9.941973312770843,0.9331833686965413,50,48,Normal
217,2.9299063982313216,0.901682931179359,72,52,Thermal Overload
137,7.882022669483905,0.91821791714952,75,50,Thermal Overload
240,6.809728898861238,0.7702872946340598,54,52,Power Factor Issue
258,8.423255259052274,0.9878726775441968,79,45,Voltage Fluctuation
146,2.6485359448296837,0.9596229584607562,25,50,Normal
208,7.799837874281312,0.9512725796239156,24,45,Normal
279,7.614845879595237,0.9557459512604418,41,45,Voltage Fluctuation
114,7.606600944161709,0.9831776270331903,77,52,Voltage Fluctuation
256,8.034876665964548,0.8860634915284245,68,51,Voltage Fluctuation
235,8.764679372263622,0.8000705044669065,42,47,Power Factor Issue
104,10.049889996807698,0.9041959019631353,44,50,Voltage Fluctuation
256,4.698207201282143,0.9357203734169848,53,53,Voltage Fluctuation
146,10.250494101800621,0.9344793483385063,45,51,Overload Fault
167,6.982556822634536,0.88036225604172,66,47,Thermal Overload
175,2.770582791343312,0.7671146798333945,24,50,Power Factor Issue
272,2.585509292439792,0.842778234607532,45,48,Voltage Fluctuation
229,5.342383186960608,0.9801916521158394,39,47,Normal
254,9.848969771114675,0.8961122274393565,25,53,Voltage Fluctuation
194,9.076809347409156,0.8845829858139284,25,54,Normal
214,9.886149646724064,0.8172133785955484,78,46,Power Factor Issue
263,7.172690564416094,0.8421122299791447,69,45,Voltage Fluctuation
135,6.401989979554905,0.9738365222882923,37,46,Normal
125,3.4745252670628393,0.9166157618817089,23,51,Normal
142,5.281927536093115,0.9468467566880832,36,54,Normal
126,6.340193661738753,0.8635863557669138,76,45,Thermal Overload
168,2.8860042967961723,0.9075618048640395,33,50,Normal
247,4.206119527112112,0.8120959021858019,33,51,Power Factor Issue
110,7.982252940637388,0.9263652075708716,32,53,Voltage Fluctuation
173,9.356631142391898,0.8569003334258343,26,52,Normal
203,11.983475113929497,0.8606363787036864,63,50,Overload Fault
137,11.331133313435577,0.9123305811442204,74,47,Overload Fault
233,8.425651995351915,0.9840701553672316,34,52,Normal
122,6.21248053294072,0.7660015866521552,38,51,Power Factor Issue
146,8.361773647082327,0.9561858093367519,62,47,Normal
189,9.85651618080232,0.8230957776030483,66,53,Power Factor Issue
145,3.183361909233873,0.8609798636265944,63,46,Normal
206,6.099048896962882,0.7554783321937523,54,47,Power Factor Issue
239,10.398022856356173,0.8252615194585783,36,46,Overload Fault
240,5.83832951933044,0.8756578106575326,54,45,Normal
203,7.718722712271865,0.7640440193368597,38,48,Power Factor Issue
210,7.877693608621982,0.8727739323457913,39,49,Normal
203,3.844762531336394,0.9817776572146069,55,50,Normal
159,5.622354416522883,0.7763483045269512,54,49,Power Factor Issue
270,5.3451128874193214,0.9411101820188761,51,45,Voltage Fluctuation
199,2.2619670853206477,0.8524177633439982,77,47,Thermal Overload
167,2.2419176389135522,0.9137934286310845,67,45,Thermal Overload
232,10.316970436757735,0.8150591494963073,63,49,Overload Fault
219,4.730708099728124,0.7898730656353395,59,49,Power Factor Issue
136,7.180787662388155,0.7901156535678067,43,50,Power Factor Issue
171,4.9872557358877305,0.7676229864107862,36,52,Power Factor Issue
226,11.406792451153406,0.7964116762253107,26,54,Overload Fault
205,4.5929675886577375,0.9160548462472421,62,45,Normal
191,6.296568127389351,0.970422652960877,69,48,Thermal Overload
130,10.727302504846019,0.9535314213977905,20,54,Overload Fault
221,10.419335667918087,0.921283577468621,54,45,Overload Fault
236,3.8610141784627734,0.7776079658527757,51,53,Power Factor Issue
150,10.026433097957105,0.8222968615739874,55,51,Overload Fault
128,6.581868867378926,0.8274517188306172,32,51,Power Factor Issue
139,6.829688720853552,0.8124892365994053,25,49,Power Factor Issue
140,3.3347997241594376,0.8787514149274308,77,51,Thermal Overload
110,2.8060151375712463,0.8838884537199181,33,46,Voltage Fluctuation
250,9.279393069737651,0.8392214937927776,56,48,Power Factor Issue
100,6.964611523552998,0.838447289684109,67,51,Voltage Fluctuation
145,6.3685070261517955,0.9571388994765203,34,47,Normal
200,9.295082286523968,0.9473232120799214,66,46,Thermal Overload
248,9.655128989911098,0.8269489579201864,23,54,Power Factor Issue
189,3.5890816766935356,0.9784471109683148,59,46,Normal
209,8.102251494776413,0.9882037542506266,78,45,Thermal Overload
263,3.3535408227768553,0.8316856355075102,35,49,Voltage Fluctuation
156,9.513750860290457,0.8386062371982637,47,50,Power Factor Issue
100,8.569551562671396,0.8764085383554897,35,50,Voltage Fluctuation
162,11.56614621083458,0.9852802031334184,23,53,Overload Fault
154,2.689580163564212,0.9690798582855779,64,48,Normal
214,2.570547211512543,0.7756419906458975,45,45,Power Factor Issue
267,4.821870746932001,0.848182685817854,47,50,Voltage Fluctuation
242,4.61705683735906,0.8883427974374429,51,49,Normal
248,4.469787990719999,0.875783118137885,64,54,Normal
274,11.062545805210366,0.7984657669842232,21,50,Voltage Fluctuation
152,4.4954619984950615,0.9647041927920387,50,47,Normal
236,4.71949726128631,0.9192351957492093,22,46,Normal
279,9.593982624179638,0.9594770937129509,73,50,Voltage Fluctuation
156,6.4973984245054,0.9646910698373681,27,45,Normal
216,9.767105569551813,0.937088963416435,43,51,Normal
253,2.653661575643852,0.8598026503124293,34,51,Voltage Fluctuation
268,6.875711936733843,0.9026366887538562,62,54,Voltage Fluctuation
134,2.336136001832826,0.7900913515299358,50,51,Power Factor Issue
162,2.626532034553545,0.9184113543687269,28,54,Normal
124,11.06437453344411,0.7948133139348201,58,45,Overload Fault
189,3.3924537111759516,0.9234873976275392,64,48,Normal
174,7.324206822752171,0.8073995401884921,21,51,Power Factor Issue
137,6.110956026007066,0.779387825037555,27,53,Power Factor Issue
229,5.4734332625884266,0.7913211225357394,26,49,Power Factor Issue
234,10.998333456872725,0.7504980338047675,75,46,Overload Fault
261,2.218233967754895,0.9296849044633826,63,51,Voltage Fluctuation
190,8.637896861755891,0.9331002622645947,70,54,Thermal Overload
116,11.633944342135504,0.8787333374783148,58,45,Voltage Fluctuation
227,7.60168183461842,0.790340700263846,61,51,Power Factor Issue
270,11.368224620330919,0.7708885843776725,76,50,Voltage Fluctuation
207,2.5225787928602377,0.7547822416093217,35,51,Power Factor Issue
278,6.187933190741614,0.7914370442413052,54,54,Voltage Fluctuation
251,4.601577909620511,0.9727138837457867,49,47,Voltage Fluctuation
124,9.308209649807297,0.8103842104254204,29,47,Power Factor Issue
279,11.812970904972467,0.8385678318043039,57,51,Voltage Fluctuation
187,4.565300624442478,0.7763363711203333,37,46,Power Factor Issue
260,8.541746014740745,0.8055903261870425,69,45,Voltage Fluctuation
276,3.9809763275974013,0.8798061426950513,24,53,Voltage Fluctuation
128,7.653302545716099,0.9019381707739131,72,53,Thermal Overload
162,6.639324866883362,0.8113380785415527,48,51,Power Factor Issue
249,11.72005329631537,0.7644330398062793,58,51,Overload Fault
253,8.085272726964666,0.8477582172818496,79,47,Voltage Fluctuation
255,5.495063720868188,0.8085508427315835,53,54,Voltage Fluctuation
213,3.1409578488793337,0.8048884808074505,62,46,Power Factor Issue
148,3.5124682873493454,0.9899657006783638,64,51,Normal
180,4.253169299512351,0.904075121481431,42,53,Normal
183,4.50966661340298,0.8892196107930239,24,45,Normal
204,10.506160578411379,0.8539437758808305,49,48,Overload Fault
276,7.612227882825249,0.8572360833575361,25,50,Voltage Fluctuation
247,7.233909113743664,0.8852262509595202,75,51,Thermal Overload
217,3.1476887186921747,0.9241074517590269,77,54,Thermal Overload
185,10.60139693349435,0.9255365240454574,65,51,Overload Fault
162,9.228143032084837,0.7929234769263624,63,54,Power Factor Issue
203,2.676683619000016,0.8750281880191567,23,46,Normal
148,9.078350972297686,0.8529895237585254,48,48,Normal
170,7.4353821734264605,0.9676317415673461,42,49,Normal
100,2.8172534574677828,0.9078547303045941,25,45,Voltage Fluctuation
240,6.583006415286564,0.8831260166039955,51,45,Normal
278,6.8469628713004695,0.7788486605447293,61,54,Voltage Fluctuation
222,3.6577454016327575,0.9014094723308529,37,47,Normal
161,11.456981470002823,0.7793009764200584,34,54,Overload Fault
